gem_id,gem_name,gem_slug,gem_price,query_primary,query_fallback,fk_name,fk_price,similarity,scorer,matched,cosine_ok,model_token_match,pack_match,gem_tokens,fk_tokens,gem_pack,fk_pack,decision,reason
2,LAPCARE Wired Computer Mouse,lapcare-l70-plus,250.0,lapcare l70 plus,,"LAPCARE L-70 Plus / 1200 DPI Wired Ambidextrous Optical... USB 2.0, Black 3.9 (38)",199.0,0.6341,embedding,YES,True,True,True,70 l70,0 1200 200 38 70 8,1,1,ACCEPT,accept
2,LAPCARE Wired Computer Mouse,lapcare-l70-plus,250.0,lapcare l70 plus,,LAPCARE BIS Certified Compatible Laptop Battery for HP ... 3.3 (9),1409.0,0.423,embedding,NO,False,False,True,70 l70,bis certified,1,1,REJECT,"cosine 0.423 < 0.6; no model token overlap ({'l70', '70'} vs {'bis', 'certified'})"
3,fingers Wired Computer Mouse,superhit-wired,250.0,fingers superhit wired,,FINGERS SoundReflex W5 Wired 3.9 (112),325.0,0.5734,embedding,NO,False,False,True,superhit,112 5 soundreflex w5,1,1,REJECT,"cosine 0.573 < 0.6; no model token overlap ({'superhit'} vs {'w5', 'soundreflex', '5', '112'})"
3,fingers Wired Computer Mouse,superhit-wired,250.0,fingers superhit wired,,FINGERS SoundBoomerang Wired 3.8 (203),345.0,0.5641,embedding,NO,False,False,True,superhit,03 203 soundboomerang,1,1,REJECT,"cosine 0.564 < 0.6; no model token overlap ({'superhit'} vs {'03', 'soundboomerang', '203'})"
3,fingers Wired Computer Mouse,superhit-wired,250.0,fingers superhit wired,,FINGERS SoundGlitz Wired 3.8 (125),299.0,0.5616,embedding,NO,False,False,True,superhit,125 25 soundglitz,1,1,REJECT,"cosine 0.562 < 0.6; no model token overlap ({'superhit'} vs {'soundglitz', '25', '125'})"
3,fingers Wired Computer Mouse,superhit-wired,250.0,fingers superhit wired,,FINGERS SoundGlitz2 Wired 3.5 (38),345.0,0.5474,embedding,NO,False,False,True,superhit,2 38 8 soundglitz2,1,1,REJECT,"cosine 0.547 < 0.6; no model token overlap ({'superhit'} vs {'8', '38', 'soundglitz2', '2'})"
3,fingers Wired Computer Mouse,superhit-wired,250.0,fingers superhit wired,,FINGERS SoundBoss Wired 3.6 (132),325.0,0.4812,embedding,NO,False,False,True,superhit,132 32 soundboss,1,1,REJECT,"cosine 0.481 < 0.6; no model token overlap ({'superhit'} vs {'32', 'soundboss', '132'})"
3,fingers Wired Computer Mouse,superhit-wired,250.0,fingers superhit wired,,SPARENTERPRISES A30462 Wired,1498.0,0.3253,embedding,NO,False,False,True,superhit,30462 a30462 sparenterprises,1,1,REJECT,"cosine 0.325 < 0.6; no model token overlap ({'superhit'} vs {'30462', 'sparenterprises', 'a30462'})"
3,fingers Wired Computer Mouse,superhit-wired,250.0,fingers superhit wired,,NEELKANTH CREATIONS Wired Earphone Type-C with Loud Sou... 2.9 (11),242.0,0.2918,embedding,NO,False,False,True,superhit,11 creations earphone loud neelkanth sou type,1,1,REJECT,"cosine 0.292 < 0.6; no model token overlap ({'superhit'} vs {'11', 'earphone', 'creations', 'neelkanth', 'sou', 'type', 'loud'})"
3,fingers Wired Computer Mouse,superhit-wired,250.0,fingers superhit wired,,REALFIT 3.5mm Jack Earphones Super Bass Hands-Free with... 3.6 (42),222.0,0.2384,embedding,NO,False,False,True,superhit,2 42 5mm bass earphones free hands jack realfit super,1,1,REJECT,"cosine 0.238 < 0.6; no model token overlap ({'superhit'} vs {'42', 'free', 'realfit', 'super', '5mm', 'bass', 'earphones', 'hands', 'jack', '2'})"
3,fingers Wired Computer Mouse,superhit-wired,250.0,fingers superhit wired,,Currently unavailable,236.0,0.0242,embedding,NO,False,False,True,superhit,currently unavailable,1,1,REJECT,"cosine 0.024 < 0.6; no model token overlap ({'superhit'} vs {'currently', 'unavailable'})"
4,LAPCARE Wireless Computer Mouse,lapcare-safari-iii-lwm-003,250.0,lapcare safari iii lwm 003,lapcare safari iii,"LAPCARE LWC-012 WEBCAM HD 720M P, HD Webcam 720p, with ... Black 3.6 (54)",849.0,0.485,embedding,NO,False,False,True,003 iii lwm safari,012 12 4 54 720m 720p hd lwc,1,1,REJECT,"cosine 0.485 < 0.6; no model token overlap ({'safari', 'lwm', '003', 'iii'} vs {'4', 'hd', '720m', '54', '012', '12', '720p', 'lwc'})"
4,LAPCARE Wireless Computer Mouse,lapcare-safari-iii-lwm-003,250.0,lapcare safari iii lwm 003,lapcare safari iii,LAPCARE LSOBTSI2313 6 Cell Laptop Battery,3169.0,0.4436,embedding,NO,False,False,True,003 iii lwm safari,2313 cell lsobtsi2313,1,1,REJECT,"cosine 0.444 < 0.6; no model token overlap ({'safari', 'lwm', '003', 'iii'} vs {'cell', 'lsobtsi2313', '2313'})"
4,LAPCARE Wireless Computer Mouse,lapcare-safari-iii-lwm-003,250.0,lapcare safari iii lwm 003,lapcare safari iii,LAPCARE ZWJL7R4 6 Cell Laptop Battery 3.2 (6),1350.0,0.4254,embedding,NO,False,False,True,003 iii lwm safari,4 cell zwjl7r4,1,1,REJECT,"cosine 0.425 < 0.6; no model token overlap ({'safari', 'lwm', '003', 'iii'} vs {'zwjl7r4', 'cell', '4'})"
5,hp Wired Computer Mouse,hp-115-wired-mouse-india,250.0,hp 115 wired mouse,hp 115 wired,HP 115 USB SET OF 4 Wired Ambidextrous Optical Mouse,1349.0,0.7105,embedding,NO,True,True,False,115,115,1,4,REJECT,pack mismatch (gem=1 vs fk=4)
5,hp Wired Computer Mouse,hp-115-wired-mouse-india,250.0,hp 115 wired mouse,hp 115 wired,"HP 115 / 1600 DPI Optical Tracking, Ambidextrous Wired ... 4.4 (81)",448.0,0.52,embedding,NO,False,True,True,115,1 115 1600 600 81,1,1,REJECT,cosine 0.520 < 0.6
7,ProDot Wired Computer Mouse,prodot-mu-curvy-usb-wired,250.0,prodot mu curvy usb wired,prodot mu curvy,"PRODOT Curvy USB Wired Mouse 1000 DPI Wired Ergonomic L... USB 2.0, USB 3.0, Black",248.0,0.8472,embedding,YES,True,True,True,curvy mu,000 1000 curvy,1,1,ACCEPT,accept
7,ProDot Wired Computer Mouse,prodot-mu-curvy-usb-wired,250.0,prodot mu curvy usb wired,prodot mu curvy,PRODOT 217 Mini Wired Keyboard And Mouse Combo With USB... Black 3.5 (42),554.0,0.7926,embedding,NO,True,False,False,curvy mu,17 2 217 42,1,bundle,REJECT,"no model token overlap ({'curvy', 'mu'} vs {'17', '42', '217', '2'}); pack mismatch (gem=1 vs fk=bundle)"
7,ProDot Wired Computer Mouse,prodot-mu-curvy-usb-wired,250.0,prodot mu curvy usb wired,prodot mu curvy,"PRODOT 253 PS2 Wired Ambidextrous Optical Mouse PS/2, Black 4 (15)",246.0,0.7197,embedding,NO,True,False,True,curvy mu,15 253 5 53,1,1,REJECT,"no model token overlap ({'curvy', 'mu'} vs {'253', '5', '15', '53'})"
7,ProDot Wired Computer Mouse,prodot-mu-curvy-usb-wired,250.0,prodot mu curvy usb wired,prodot mu curvy,PRODOT USB HUB PLAY PLUS DIC-USB_HUB-4_1P USB Hub Black 3.8 (67),224.0,0.5894,embedding,NO,False,False,True,curvy mu,1p 67 7 dic play,1,1,REJECT,"cosine 0.589 < 0.6; no model token overlap ({'curvy', 'mu'} vs {'67', '1p', 'play', 'dic', '7'})"
7,ProDot Wired Computer Mouse,prodot-mu-curvy-usb-wired,250.0,prodot mu curvy usb wired,prodot mu curvy,"PRODOT DIC-MU-253s-MAP-02 Wired Right Handed Optical Mo... USB 2.0, Black 3.6 (88)",199.0,0.5431,embedding,NO,False,True,True,curvy mu,02 2 253s 88 dic handed map mo mu right,1,1,REJECT,cosine 0.543 < 0.6
7,ProDot Wired Computer Mouse,prodot-mu-curvy-usb-wired,250.0,prodot mu curvy usb wired,prodot mu curvy,PRODOT Hindi Devanagari (English to HIndi Typing)| with... Black 3.9 (202),525.0,0.2375,embedding,NO,False,False,True,curvy mu,02 202 devanagari english hindi typing,1,1,REJECT,"cosine 0.238 < 0.6; no model token overlap ({'curvy', 'mu'} vs {'typing', '202', 'devanagari', 'english', '02', 'hindi'})"
8,hp Wireless Computer Mouse,hp-115-wireless-mouse-india,256.0,hp 115 wireless mouse,hp 115 wireless,"HP M290 Wireless Ambidextrous Optical Mouse Mode Switch... 4.1 (1,868)",498.0,0.5457,embedding,NO,False,False,True,115,290 68 868 m290 mode,1,1,REJECT,"cosine 0.546 < 0.6; no model token overlap ({'115'} vs {'68', '290', 'm290', '868', 'mode'})"
9,ZEBRONICS Bluetooth (with USB Receiver) …,wireless-keyboard-mouse-combo,600.0,zebronics wireless keyboard mouse combo,zebronics wireless keyboard,ZEBRONICS Zeb-K20 Keyboard and Zeb comfort mouse Plus c... 3.8 (87),498.0,0.6141,embedding,NO,True,False,False,receiver,20 7 87 comfort k20 zeb,bundle,1,REJECT,"no model token overlap ({'receiver'} vs {'k20', 'comfort', '20', '87', 'zeb', '7'}); pack mismatch (gem=bundle vs fk=1)"
9,ZEBRONICS Bluetooth (with USB Receiver) …,wireless-keyboard-mouse-combo,600.0,zebronics wireless keyboard mouse combo,zebronics wireless keyboard,ZEBRONICS KEYBOARD K-65 AND MOUSE COMFORT+ Combo Set De... 2.8 (6),494.0,0.5822,embedding,NO,False,False,True,receiver,5 65 comfort de,bundle,bundle,REJECT,"cosine 0.582 < 0.6; no model token overlap ({'receiver'} vs {'comfort', '65', '5', 'de'})"
9,ZEBRONICS Bluetooth (with USB Receiver) …,wireless-keyboard-mouse-combo,600.0,zebronics wireless keyboard mouse combo,zebronics wireless keyboard,"ZEBRONICS Transformer Pro Wireless Standard Gaming Keyb... 4.2 (3,823)",1799.0,0.4467,embedding,NO,False,False,False,receiver,23 823 keyb transformer,bundle,1,REJECT,"cosine 0.447 < 0.6; no model token overlap ({'receiver'} vs {'transformer', '823', '23', 'keyb'}); pack mismatch (gem=bundle vs fk=1)"
9,ZEBRONICS Bluetooth (with USB Receiver) …,wireless-keyboard-mouse-combo,600.0,zebronics wireless keyboard mouse combo,zebronics wireless keyboard,"ZEBRONICS Transformer (ZEB KMC 10) Wired USB Standard L... 4.4 (31,372)",1422.0,0.4265,embedding,NO,False,False,False,receiver,0 1 10 31 372 72 kmc transformer zeb,bundle,1,REJECT,"cosine 0.427 < 0.6; no model token overlap ({'receiver'} vs {'0', '10', 'kmc', 'zeb', '31', '72', 'transformer', '372', '1'}); pack mismatch (gem=bundle vs fk=1)"
10,LAPCARE USB Type A Wired Keyboard + Wired …,lapcare-magma-lmk-105,600.0,lapcare magma lmk 105,lapcare magma lmk,LAPCARE Desktop 3 Pin Power Cable Combo Set Black,199.0,0.4147,embedding,NO,False,False,False,05 105 lmk magma type,pin power,1,bundle,REJECT,"cosine 0.415 < 0.6; no model token overlap ({'05', 'lmk', 'magma', '105', 'type'} vs {'power', 'pin'}); pack mismatch (gem=1 vs fk=bundle)"
10,LAPCARE USB Type A Wired Keyboard + Wired …,lapcare-magma-lmk-105,600.0,lapcare magma lmk 105,lapcare magma lmk,"LAPCARE DCX-A101 2 Fan Ergonomic Cooling Pad with Adjus... Black 4.2 (19,016)",679.0,0.337,embedding,NO,False,False,True,05 105 lmk magma type,016 101 16 19 9 a101 adjus cooling dcx fan pad,1,1,REJECT,"cosine 0.337 < 0.6; no model token overlap ({'05', 'lmk', 'magma', '105', 'type'} vs {'19', '101', 'a101', 'dcx', 'cooling', 'adjus', '016', 'pad', 'fan', '9', '16'})"
10,LAPCARE USB Type A Wired Keyboard + Wired …,lapcare-magma-lmk-105,600.0,lapcare magma lmk 105,lapcare magma lmk,"LAPCARE Battery Compatible with WU946,WU960,MT276,MT264... 3.3 (19)",1611.0,0.3006,embedding,NO,False,False,True,05 105 lmk magma type,19 264 276 9 946 960 mt264 mt276 wu946 wu960,1,1,REJECT,"cosine 0.301 < 0.6; no model token overlap ({'05', 'lmk', 'magma', '105', 'type'} vs {'19', 'mt264', '264', 'wu960', 'mt276', 'wu946', '946', '276', '960', '9'})"
11,ProDot USB Type A Wired Keyboard + Wired …,prodot-trc-207-comfy-usb,600.0,prodot trc 207 comfy usb,prodot trc 207,PRODOT PRO 207 Desktop Keyboard Replacement Key 3.8 (4),439.0,0.5955,embedding,NO,False,True,True,07 207 comfy trc type,07 207 key replacement,1,1,REJECT,cosine 0.596 < 0.6
12,fingers USB Type A Wired Keyboard + Wired …,velvet-combo-c4-pearl-grey-white,638.0,fingers velvet combo c4,fingers velvet combo,"RAJ Controller Finger Cots (Pack of 3) - Black-Yellow  ... Black, Yellow, For PS4 3.8 (5)",163.0,0.4353,embedding,NO,False,True,False,4 c4 pearl type velvet,4 controller cots finger ps4 raj yellow,bundle,3,REJECT,cosine 0.435 < 0.6; pack mismatch (gem=bundle vs fk=3)
12,fingers USB Type A Wired Keyboard + Wired …,velvet-combo-c4-pearl-grey-white,638.0,fingers velvet combo c4,fingers velvet combo,XBT pubg kitHigh quality 24-pin silver fiber finger sle... Pack of 4 3.8 (18),123.0,0.3781,embedding,NO,False,True,False,4 c4 pearl type velvet,18 24 4 8 fiber finger kithigh pin pubg quality sle xbt,bundle,4,REJECT,cosine 0.378 < 0.6; pack mismatch (gem=bundle vs fk=4)
12,fingers USB Type A Wired Keyboard + Wired …,velvet-combo-c4-pearl-grey-white,638.0,fingers velvet combo c4,fingers velvet combo,PORTLIX Thumb Sleeve for Mobile gaming Finger Sleeve Pack of 40 4 (181),135.0,0.3644,embedding,NO,False,False,False,4 c4 pearl type velvet,0 181 40 81 finger mobile portlix sleeve thumb,bundle,40,REJECT,"cosine 0.364 < 0.6; no model token overlap ({'4', 'pearl', 'c4', 'type', 'velvet'} vs {'sleeve', '0', '40', 'mobile', 'finger', '181', 'thumb', 'portlix', '81'}); pack mismatch (gem=bundle vs fk=40)"
12,fingers USB Type A Wired Keyboard + Wired …,velvet-combo-c4-pearl-grey-white,638.0,fingers velvet combo c4,fingers velvet combo,"Boltfire utkrist Finger Sleeve For Pubg and all Gaming ... Pack of 4 3.7 (4,322)",118.0,0.2994,embedding,NO,False,False,False,4 c4 pearl type velvet,22 322 all boltfire finger pubg sleeve utkrist,bundle,4,REJECT,"cosine 0.299 < 0.6; no model token overlap ({'4', 'pearl', 'c4', 'type', 'velvet'} vs {'sleeve', 'boltfire', '322', '22', 'pubg', 'finger', 'utkrist', 'all'}); pack mismatch (gem=bundle vs fk=4)"
12,fingers USB Type A Wired Keyboard + Wired …,velvet-combo-c4-pearl-grey-white,638.0,fingers velvet combo c4,fingers velvet combo,"Havick Thumb & Finger Sleeve for Pubg Mobiles Game, Ant... Pack of 4 3.6 (186)",70.0,0.1946,embedding,NO,False,False,False,4 c4 pearl type velvet,186 86 ant finger game havick mobiles pubg sleeve thumb,bundle,4,REJECT,"cosine 0.195 < 0.6; no model token overlap ({'4', 'pearl', 'c4', 'type', 'velvet'} vs {'sleeve', '186', 'havick', '86', 'pubg', 'mobiles', 'finger', 'thumb', 'ant', 'game'}); pack mismatch (gem=bundle vs fk=4)"
13,ZEBRONICS RF (with USB Receiver) Wireless …,wireless-keyboard-mouse-combo,645.0,zebronics wireless keyboard mouse combo,zebronics wireless keyboard,ZEBRONICS Zeb-K20 Keyboard and Zeb comfort mouse Plus c... 3.8 (87),498.0,0.6324,embedding,NO,True,False,False,receiver,20 7 87 comfort k20 zeb,bundle,1,REJECT,"no model token overlap ({'receiver'} vs {'k20', 'comfort', '20', '87', 'zeb', '7'}); pack mismatch (gem=bundle vs fk=1)"
13,ZEBRONICS RF (with USB Receiver) Wireless …,wireless-keyboard-mouse-combo,645.0,zebronics wireless keyboard mouse combo,zebronics wireless keyboard,"ZEBRONICS Companion 201 Wireless Standard Desktop Keybo... 4.2 (3,104)",888.0,0.6227,embedding,NO,True,False,False,receiver,01 04 104 201 companion keybo,bundle,1,REJECT,"no model token overlap ({'receiver'} vs {'keybo', '104', '04', '01', '201', 'companion'}); pack mismatch (gem=bundle vs fk=1)"
13,ZEBRONICS RF (with USB Receiver) Wireless …,wireless-keyboard-mouse-combo,645.0,zebronics wireless keyboard mouse combo,zebronics wireless keyboard,"ZEBRONICS Zeb-K20 Keyboard and Zeb-Rise Mouse Combo Set... 3.9 (1,617)",500.0,0.6025,embedding,NO,True,False,True,receiver,17 20 617 k20 rise zeb,bundle,bundle,REJECT,"no model token overlap ({'receiver'} vs {'k20', '20', 'rise', '17', 'zeb', '617'})"
15,ZEBRONICS Bluetooth (with USB Receiver) …,wireless-keyboard-mouse-combo,690.97,zebronics wireless keyboard mouse combo,zebronics wireless keyboard,"ZEBRONICS Zeb-Companion 300 Wireless Keyboard with Retr... 4.3 (3,236)",1299.0,0.6353,embedding,NO,True,False,False,receiver,00 236 300 36 companion retr zeb,bundle,1,REJECT,"no model token overlap ({'receiver'} vs {'36', 'companion', 'zeb', 'retr', '236', '00', '300'}); pack mismatch (gem=bundle vs fk=1)"
15,ZEBRONICS Bluetooth (with USB Receiver) …,wireless-keyboard-mouse-combo,690.97,zebronics wireless keyboard mouse combo,zebronics wireless keyboard,"ZEBRONICS Companion 201 Wireless Standard Desktop Keybo... 4.2 (3,101)",1099.0,0.5919,embedding,NO,False,False,False,receiver,01 101 201 companion keybo,bundle,1,REJECT,"cosine 0.592 < 0.6; no model token overlap ({'receiver'} vs {'101', 'keybo', '01', '201', 'companion'}); pack mismatch (gem=bundle vs fk=1)"
15,ZEBRONICS Bluetooth (with USB Receiver) …,wireless-keyboard-mouse-combo,690.97,zebronics wireless keyboard mouse combo,zebronics wireless keyboard,ZEBRONICS Zeb-Companion 301 (Garden) Wireless Standard ... 4.2 (916),999.0,0.4726,embedding,NO,False,False,False,receiver,01 16 301 916 companion garden zeb,bundle,1,REJECT,"cosine 0.473 < 0.6; no model token overlap ({'receiver'} vs {'companion', '301', 'garden', '01', '916', 'zeb', '16'}); pack mismatch (gem=bundle vs fk=1)"
16,LAPCARE RF (with USB Receiver) Wireless …,lapcare-wireless-combo-wl-204,750.0,lapcare wireless combo wl 204,lapcare wireless combo,LAPCARE USB Adapter,350.0,0.6189,embedding,NO,True,False,False,04 204 receiver wl,,bundle,1,REJECT,"no model token overlap ({'receiver', '04', 'wl', '204'} vs -); pack mismatch (gem=bundle vs fk=1)"
16,LAPCARE RF (with USB Receiver) Wireless …,lapcare-wireless-combo-wl-204,750.0,lapcare wireless combo wl 204,lapcare wireless combo,LAPCARE Laptop Battery for Asus X550C 4 Cell 2200 mAh P... 4.3 (16),1399.0,0.2607,embedding,NO,False,False,False,04 204 receiver wl,16 2200 6 cell mah x550c,bundle,1,REJECT,"cosine 0.261 < 0.6; no model token overlap ({'receiver', '04', 'wl', '204'} vs {'2200', '6', 'cell', 'x550c', '16', 'mah'}); pack mismatch (gem=bundle vs fk=1)"
17,ProDot RF (with USB Receiver) Wireless …,prodot-wlc-sparsh,750.0,prodot wlc sparsh,,"PRODOT New Universal Powder 12A 88A, 337, 912, 925, 35A... 4.7 (10)",707.0,0.359,embedding,NO,False,False,True,receiver sparsh wlc,0 10 12 12a 25 337 35a 88a 912 925 powder universal,1,1,REJECT,"cosine 0.359 < 0.6; no model token overlap ({'sparsh', 'receiver', 'wlc'} vs {'0', '912', '337', '10', '35a', 'powder', '12', '25', '12a', 'universal', '88a', '925'})"
17,ProDot RF (with USB Receiver) Wireless …,prodot-wlc-sparsh,750.0,prodot wlc sparsh,,"PRODOT 12/88, 88A,36A 1005 1020 1010 126NW 2900 Printer... 4.6 (46)",445.0,0.3297,embedding,NO,False,False,True,receiver sparsh wlc,005 010 020 1005 1010 1020 12 126nw 2 2900 36a 46 6 88 88a 900,1,1,REJECT,"cosine 0.330 < 0.6; no model token overlap ({'sparsh', 'receiver', 'wlc'} vs {'1005', '900', '46', '6', '010', '88', '005', '126nw', '1020', '12', '88a', '1010', '020', '2900', '36a', '2'})"
17,ProDot RF (with USB Receiver) Wireless …,prodot-wlc-sparsh,750.0,prodot wlc sparsh,,PRODOT DMP Ribbon Cartridge Compatible with EPSON PLQ 2... 3.5 (28),299.0,0.3218,embedding,NO,False,False,True,receiver sparsh wlc,28 8 dmp plq ribbon,1,1,REJECT,"cosine 0.322 < 0.6; no model token overlap ({'sparsh', 'receiver', 'wlc'} vs {'ribbon', '28', 'dmp', '8', 'plq'})"
17,ProDot RF (with USB Receiver) Wireless …,prodot-wlc-sparsh,750.0,prodot wlc sparsh,,PRODOT ProSeries Dot Matrix Ribbon Cartridge Compatible...,299.0,0.2752,embedding,NO,False,False,True,receiver sparsh wlc,dot matrix proseries ribbon,1,1,REJECT,"cosine 0.275 < 0.6; no model token overlap ({'sparsh', 'receiver', 'wlc'} vs {'matrix', 'proseries', 'ribbon', 'dot'})"
17,ProDot RF (with USB Receiver) Wireless …,prodot-wlc-sparsh,750.0,prodot wlc sparsh,,PRODOT H-2612A Laser Toner Cartridge for HP Q2612A & Ca... 4 (25),554.0,0.2686,embedding,NO,False,False,True,receiver sparsh wlc,25 2612a 5 ca q2612a,1,1,REJECT,"cosine 0.269 < 0.6; no model token overlap ({'sparsh', 'receiver', 'wlc'} vs {'2612a', '5', 'ca', '25', 'q2612a'})"
17,ProDot RF (with USB Receiver) Wireless …,prodot-wlc-sparsh,750.0,prodot wlc sparsh,,PRODOT H-2612A Laser Toner Cartridge for HP Q2612A & Ca... 3.9 (24),554.0,0.2571,embedding,NO,False,False,True,receiver sparsh wlc,24 2612a 4 ca q2612a,1,1,REJECT,"cosine 0.257 < 0.6; no model token overlap ({'sparsh', 'receiver', 'wlc'} vs {'4', '2612a', '24', 'ca', 'q2612a'})"
17,ProDot RF (with USB Receiver) Wireless …,prodot-wlc-sparsh,750.0,prodot wlc sparsh,,PRODOT ProSeries Dot Matrix Ribbon Cartridge Compatible... 4.9 (8),649.0,0.2398,embedding,NO,False,False,True,receiver sparsh wlc,dot matrix proseries ribbon,1,1,REJECT,"cosine 0.240 < 0.6; no model token overlap ({'sparsh', 'receiver', 'wlc'} vs {'matrix', 'proseries', 'ribbon', 'dot'})"
17,ProDot RF (with USB Receiver) Wireless …,prodot-wlc-sparsh,750.0,prodot wlc sparsh,,PRODOT 2612A/12A Laser Toner Cartridge for HP Q2612A & ... 3.8 (46),779.0,0.2374,embedding,NO,False,False,True,receiver sparsh wlc,12a 2612a 46 6 q2612a,1,1,REJECT,"cosine 0.237 < 0.6; no model token overlap ({'sparsh', 'receiver', 'wlc'} vs {'2612a', '6', '46', '12a', 'q2612a'})"
18,fingers USB Type A Wired Keyboard + Wired …,cheesyduo-d3,790.0,fingers cheesyduo,,Mayklen Silicone Finger Protector - 6 Pcs Finger Cap Fo... Pack of 6 3.7 (17),206.0,0.3126,embedding,NO,False,False,False,3 cheesyduo d3 type,17 7 cap finger fo mayklen protector silicone,1,6,REJECT,"cosine 0.313 < 0.6; no model token overlap ({'3', 'cheesyduo', 'type', 'd3'} vs {'silicone', 'fo', 'mayklen', 'finger', '17', 'cap', '7', 'protector'}); pack mismatch (gem=1 vs fk=6)"
18,fingers USB Type A Wired Keyboard + Wired …,cheesyduo-d3,790.0,fingers cheesyduo,,"Boltfire utkrist Finger Sleeve For Pubg and all Gaming ... Pack of 4 3.7 (4,322)",118.0,0.2111,embedding,NO,False,False,False,3 cheesyduo d3 type,22 322 all boltfire finger pubg sleeve utkrist,1,4,REJECT,"cosine 0.211 < 0.6; no model token overlap ({'3', 'cheesyduo', 'type', 'd3'} vs {'sleeve', 'boltfire', '322', '22', 'pubg', 'finger', 'utkrist', 'all'}); pack mismatch (gem=1 vs fk=4)"
18,fingers USB Type A Wired Keyboard + Wired …,cheesyduo-d3,790.0,fingers cheesyduo,,"HMS Mobile Gaming Finger Sleeve 4 Pair (8pc) PUBG, Free... Pack of 8 4 (125)",75.0,0.2048,embedding,NO,False,False,False,3 cheesyduo d3 type,125 25 8pc finger free hms mobile pair pubg sleeve,1,8,REJECT,"cosine 0.205 < 0.6; no model token overlap ({'3', 'cheesyduo', 'type', 'd3'} vs {'sleeve', 'free', '125', 'pubg', 'mobile', 'pair', 'finger', '25', '8pc', 'hms'}); pack mismatch (gem=1 vs fk=8)"
18,fingers USB Type A Wired Keyboard + Wired …,cheesyduo-d3,790.0,fingers cheesyduo,,"Boltfire utkrist Finger Sleeve For Pubg and all Gaming ... Pack of 8 3.9 (1,167)",80.0,0.1964,embedding,NO,False,False,False,3 cheesyduo d3 type,167 67 all boltfire finger pubg sleeve utkrist,1,8,REJECT,"cosine 0.196 < 0.6; no model token overlap ({'3', 'cheesyduo', 'type', 'd3'} vs {'sleeve', 'boltfire', '67', 'pubg', 'finger', 'utkrist', '167', 'all'}); pack mismatch (gem=1 vs fk=8)"
18,fingers USB Type A Wired Keyboard + Wired …,cheesyduo-d3,790.0,fingers cheesyduo,,Bestseller,75.0,0.0763,embedding,NO,False,False,True,3 cheesyduo d3 type,bestseller,1,1,REJECT,"cosine 0.076 < 0.6; no model token overlap ({'3', 'cheesyduo', 'type', 'd3'} vs {'bestseller'})"
19,LAPCARE Non Mechanical Wired Computer …,lapcare-lmk-012,300.0,lapcare lmk 012,,LAPCARE LMK-012 Wired USB Standard Desktop Keyboard Com... Balck 3.8 (67),489.0,0.7108,embedding,YES,True,True,True,012 12 lmk mechanical non,012 12 67 7 balck com lmk,1,1,ACCEPT,accept
19,LAPCARE Non Mechanical Wired Computer …,lapcare-lmk-012,300.0,lapcare lmk 012,,"LAPCARE Champ LGM-100 Wired Ambidextrous Hybrid  Gaming... USB 2.0, Black",999.0,0.6148,embedding,NO,True,False,True,012 12 lmk mechanical non,00 100 champ hybrid lgm,1,1,REJECT,"no model token overlap ({'non', '012', 'lmk', '12', 'mechanical'} vs {'champ', '100', 'hybrid', '00', 'lgm'})"
19,LAPCARE Non Mechanical Wired Computer …,lapcare-lmk-012,300.0,lapcare lmk 012,,LAPCARE LWK-1119 Wireless Standard Laptop Keyboard Comp... Black 3.5 (4),599.0,0.5997,embedding,NO,False,False,True,012 12 lmk mechanical non,1119 comp lwk,1,1,REJECT,"cosine 0.600 < 0.6; no model token overlap ({'non', '012', 'lmk', '12', 'mechanical'} vs {'lwk', '1119', 'comp'})"
19,LAPCARE Non Mechanical Wired Computer …,lapcare-lmk-012,300.0,lapcare lmk 012,,LAPCARE 720P HD Webcam for PC Desktop & Laptop with Bui... Black 3.4 (21),953.0,0.409,embedding,NO,False,False,True,012 12 lmk mechanical non,1 21 720p bui hd,1,1,REJECT,"cosine 0.409 < 0.6; no model token overlap ({'non', '012', 'lmk', '12', 'mechanical'} vs {'hd', 'bui', '21', '1', '720p'})"
19,LAPCARE Non Mechanical Wired Computer …,lapcare-lmk-012,300.0,lapcare lmk 012,,"LAPCARE LWC-042 / 720P HD HD Webcam 720p, with Micropho... Black 3.6 (540)",890.0,0.3078,embedding,NO,False,False,True,012 12 lmk mechanical non,042 40 42 540 720p hd lwc micropho,1,1,REJECT,"cosine 0.308 < 0.6; no model token overlap ({'non', '012', 'lmk', '12', 'mechanical'} vs {'42', 'hd', '40', 'micropho', '540', '042', '720p', 'lwc'})"
20,ProDot Non Mechanical Wired Computer Keyboard,prodot-kb-297rs-malayalam-regional-usb-keyboard-with,300.0,prodot kb 297rs malayalam regional usb keyboard with,prodot kb 297rs,PRODOT Laptop Keypad Size 217m Mini Wired Keyboard Wire... 3.9 (710),395.0,0.6604,embedding,NO,True,False,True,297rs kb malayalam mechanical non regional,10 217m 710 keypad size wire,1,1,REJECT,"no model token overlap ({'non', 'malayalam', 'regional', '297rs', 'mechanical', 'kb'} vs {'217m', '710', '10', 'keypad', 'wire', 'size'})"
24,VOLTRIQ High End Desktop Computer with …,voltriq,22500.0,voltriq,,"Voltriq X80 Men’s Hair Trimmer – Cordless, Lightweight ... White",849.0,0.4153,embedding,NO,False,True,False,end high voltriq,80 cordless hair lightweight men trimmer voltriq x80,1,80,REJECT,cosine 0.415 < 0.6; pack mismatch (gem=1 vs fk=80)
24,VOLTRIQ High End Desktop Computer with …,voltriq,22500.0,voltriq,,Voltriq X168 Electric Hair Clipper & Beard Trimmer with... White,849.0,0.4045,embedding,NO,False,True,False,end high voltriq,168 beard clipper electric hair trimmer voltriq x168,1,168,REJECT,cosine 0.405 < 0.6; pack mismatch (gem=1 vs fk=168)
24,VOLTRIQ High End Desktop Computer with …,voltriq,22500.0,voltriq,,Voltriq M809-A_Wireless Hair Cutting Trimmer | Precisio... White,849.0,0.3888,embedding,NO,False,True,True,end high voltriq,809 cutting hair m809 precisio trimmer voltriq,1,1,REJECT,cosine 0.389 < 0.6
24,VOLTRIQ High End Desktop Computer with …,voltriq,22500.0,voltriq,,Voltriq M809-A_Wireless Hair Cutting Trimmer | Precisio... White,869.0,0.3888,embedding,NO,False,True,True,end high voltriq,809 cutting hair m809 precisio trimmer voltriq,1,1,REJECT,cosine 0.389 < 0.6
24,VOLTRIQ High End Desktop Computer with …,voltriq,22500.0,voltriq,,Voltriq X315 High-Performance Beard Trimmer – Adjustabl... White,869.0,0.3773,embedding,NO,False,True,False,end high voltriq,315 adjustabl beard high performance trimmer voltriq x315,1,315,REJECT,cosine 0.377 < 0.6; pack mismatch (gem=1 vs fk=315)
25,hp High End Desktop Computer with Warranty 3 …,hp-prodesk-4-g1i-u7-265-dos-3213,22500.0,hp prodesk 4 g1i u7 265,hp prodesk 4,HP HyperX Omen Intel Core i7 14th Gen 14650HX - (24 GB/1 TB SSD/Windows 11 Home/8 GB Graphics/NVIDIA G...,157990.0,0.4127,embedding,NO,False,True,True,213 265 3213 65 7 dos end g1i high prodesk u7,11 14650hx 14th 24 4 7 core graphics home hyperx i7 omen windows,1,1,REJECT,cosine 0.413 < 0.6
25,hp High End Desktop Computer with Warranty 3 …,hp-prodesk-4-g1i-u7-265-dos-3213,22500.0,hp prodesk 4 g1i u7 265,hp prodesk 4,HP 65W Smart AC Adapter 19.5V 4.5mm Blue Pin Laptop Charger Y5Y43AA 65 W Adapter,918.0,0.3239,embedding,NO,False,True,True,213 265 3213 65 7 dos end g1i high prodesk u7,19 5 5mm 5v 65 65w 9 ac pin smart y5y43aa,1,1,REJECT,cosine 0.324 < 0.6
25,hp High End Desktop Computer with Warranty 3 …,hp-prodesk-4-g1i-u7-265-dos-3213,22500.0,hp prodesk 4 g1i u7 265,hp prodesk 4,"HP KM260 PS2 Standard Desktop Keyboard Compatible with Desktop, Laptop, Mac",1320.0,0.2724,embedding,NO,False,False,True,213 265 3213 65 7 dos end g1i high prodesk u7,260 km260 mac,1,1,REJECT,"cosine 0.272 < 0.6; no model token overlap ({'prodesk', 'end', '65', 'g1i', '265', '213', 'dos', '3213', 'u7', '7', 'high'} vs {'km260', '260', 'mac'})"
25,hp High End Desktop Computer with Warranty 3 …,hp-prodesk-4-g1i-u7-265-dos-3213,22500.0,hp prodesk 4 g1i u7 265,hp prodesk 4,"HP K260 Wireless Standard Laptop Keyboard Compatible with Desktop, Laptop, Mac Quick, Comfy, Accurate,...",699.0,0.2157,embedding,NO,False,False,True,213 265 3213 65 7 dos end g1i high prodesk u7,260 accurate comfy k260 mac quick,1,1,REJECT,"cosine 0.216 < 0.6; no model token overlap ({'prodesk', 'end', '65', 'g1i', '265', '213', 'dos', '3213', 'u7', '7', 'high'} vs {'accurate', 'quick', '260', 'comfy', 'mac', 'k260'})"
25,hp High End Desktop Computer with Warranty 3 …,hp-prodesk-4-g1i-u7-265-dos-3213,22500.0,hp prodesk 4 g1i u7 265,hp prodesk 4,"HP 260 Wireless Wireless Standard Laptop Keyboard Compatible with Desktop, Laptop, Tablet, Mac",1552.0,0.1767,embedding,NO,False,False,True,213 265 3213 65 7 dos end g1i high prodesk u7,260 60 mac tablet,1,1,REJECT,"cosine 0.177 < 0.6; no model token overlap ({'prodesk', 'end', '65', 'g1i', '265', '213', 'dos', '3213', 'u7', '7', 'high'} vs {'mac', '260', 'tablet', '60'})"
26,hp High End Desktop Computer with Warranty 5 …,hp-280-g9-mt-i7-14700-dos-161pcie5,22500.0,hp 280 g9 mt i7 14700,hp 280 g9,HP 15R (2025) Intel Core i3 13th Gen 1315U - (8 GB/512 GB SSD/Windows 11 Pro) 15R G9 Thin and Light La...,57990.0,0.4799,embedding,NO,False,True,True,14700 161pcie5 280 4700 5 7 80 9 dos end g9 high i7 mt,025 11 12 1315u 13th 15r 2025 3 512 9 core g9 i3 la light thin windows,1,1,REJECT,cosine 0.480 < 0.6
26,hp High End Desktop Computer with Warranty 5 …,hp-280-g9-mt-i7-14700-dos-161pcie5,22500.0,hp 280 g9 mt i7 14700,hp 280 g9,HP OMEN (i7 14th Gen) Intel Core 7 240H - (24 GB/1 TB SSD/Windows 11 Home/8 GB Graphics/NVIDIA GeForce...,146134.0,0.4761,embedding,NO,False,True,True,14700 161pcie5 280 4700 5 7 80 9 dos end g9 high i7 mt,11 14th 24 240h 4 7 core geforce graphics home i7 omen windows,1,1,REJECT,cosine 0.476 < 0.6
26,hp High End Desktop Computer with Warranty 5 …,hp-280-g9-mt-i7-14700-dos-161pcie5,22500.0,hp 280 g9 mt i7 14700,hp 280 g9,HP 15 (2024) AMD Ryzen 3 Quad Core 7320U - (8 GB/512 GB SSD/Windows 11 Home) 15-fc0500AU / 15-fc0154AU...,55751.0,0.4568,embedding,NO,False,True,True,14700 161pcie5 280 4700 5 7 80 9 dos end g9 high i7 mt,024 11 12 15 2024 5 512 7320u core fc0154au fc0500au home quad ryzen windows,1,1,REJECT,cosine 0.457 < 0.6
26,hp High End Desktop Computer with Warranty 5 …,hp-280-g9-mt-i7-14700-dos-161pcie5,22500.0,hp 280 g9 mt i7 14700,hp 280 g9,HP 14 AI PC Intel Core Ultra 7 155H - (16 GB/512 GB SSD/Windows 11 Home) 14-ep1151TU/14-gr1036TU Thin ...,94900.0,0.4366,embedding,NO,False,False,True,14700 161pcie5 280 4700 5 7 80 9 dos end g9 high i7 mt,11 12 14 155h 16 4 512 6 ai core ep1151tu gr1036tu home thin ultra windows,1,1,REJECT,"cosine 0.437 < 0.6; no model token overlap ({'end', '161pcie5', '5', 'i7', '4700', 'g9', 'dos', '14700', 'mt', '280', '9', '7', 'high', '80'} vs {'4', '155h', 'windows', 'gr1036tu', '6', '11', 'thin', '14', 'ai', '12', 'core', 'ultra', '512', 'home', '16', 'ep1151tu'})"
26,hp High End Desktop Computer with Warranty 5 …,hp-280-g9-mt-i7-14700-dos-161pcie5,22500.0,hp 280 g9 mt i7 14700,hp 280 g9,HP HyperX Omen Intel Core i7 14th Gen 14650HX - (24 GB/1 TB SSD/Windows 11 Home/8 GB Graphics/NVIDIA G...,157990.0,0.4273,embedding,NO,False,True,True,14700 161pcie5 280 4700 5 7 80 9 dos end g9 high i7 mt,11 14650hx 14th 24 4 7 core graphics home hyperx i7 omen windows,1,1,REJECT,cosine 0.427 < 0.6
27,hp Entry Level Desktop Computer with …,hp-280-g9-sff-i3-12100-win11p-32113,22242.0,hp 280 g9 sff i3 12100,hp 280 g9,HP 15 (i3 14th Gen) Intel Core 3 100U - (8 GB/512 GB SSD/Windows 11 Home) 15-fd1253TU/ 15-fd1225TU Thi...,57990.0,0.6342,embedding,YES,True,True,True,12100 2100 2113 280 3 32113 80 9 entry g9 i3 level sff win11p,100u 11 12 14th 15 3 5 512 core fd1225tu fd1253tu home i3 thi windows,1,1,ACCEPT,accept
27,hp Entry Level Desktop Computer with …,hp-280-g9-sff-i3-12100-win11p-32113,22242.0,hp 280 g9 sff i3 12100,hp 280 g9,HP Intel Core i3 12th Gen 1215U - (8 GB/512 GB SSD/Windows 11 Home) 14s-dq5138tu Thin and Light Laptop,55800.0,0.5855,embedding,NO,False,True,True,12100 2100 2113 280 3 32113 80 9 entry g9 i3 level sff win11p,11 12 1215u 12th 14s 3 512 core dq5138tu home i3 light thin windows,1,1,REJECT,cosine 0.585 < 0.6
27,hp Entry Level Desktop Computer with …,hp-280-g9-sff-i3-12100-win11p-32113,22242.0,hp 280 g9 sff i3 12100,hp 280 g9,HP 15 (2025) AMD Ryzen 3 Quad Core 7320U - (8 GB/512 GB SSD/Windows 11 Pro) 15 Thin and Light Laptop,51499.0,0.5404,embedding,NO,False,False,True,12100 2100 2113 280 3 32113 80 9 entry g9 i3 level sff win11p,025 11 12 15 2025 5 512 7320u core light quad ryzen thin windows,1,1,REJECT,"cosine 0.540 < 0.6; no model token overlap ({'entry', 'i3', '3', 'level', 'g9', '32113', '2113', '2100', '280', '12100', '9', 'sff', 'win11p', '80'} vs {'thin', 'windows', '11', '5', 'ryzen', '15', '2025', 'quad', '12', 'core', '512', 'light', '7320u', '025'})"
27,hp Entry Level Desktop Computer with …,hp-280-g9-sff-i3-12100-win11p-32113,22242.0,hp 280 g9 sff i3 12100,hp 280 g9,HP G10 AMD Ryzen 3 Quad Core 7320U - (16 GB/512 GB SSD/Windows 11 Home) 255 G10 Thin and Light Laptop,62990.0,0.5203,embedding,NO,False,False,True,12100 2100 2113 280 3 32113 80 9 entry g9 i3 level sff win11p,10 11 12 16 255 512 55 6 7320u core g10 home light quad ryzen thin windows,1,1,REJECT,"cosine 0.520 < 0.6; no model token overlap ({'entry', 'i3', '3', 'level', 'g9', '32113', '2113', '2100', '280', '12100', '9', 'sff', 'win11p', '80'} vs {'thin', '10', 'windows', '6', 'ryzen', '11', '7320u', 'g10', 'quad', '55', '12', '255', 'core', 'light', '512', 'home', '16'})"
27,hp Entry Level Desktop Computer with …,hp-280-g9-sff-i3-12100-win11p-32113,22242.0,hp 280 g9 sff i3 12100,hp 280 g9,HP Laptop AMD Ryzen 3 Quad Core 5300U - (8 GB/512 GB SSD/Windows 11 Home) 15s- eq2212AU Thin and Light...,52990.0,0.4728,embedding,NO,False,False,True,12100 2100 2113 280 3 32113 80 9 entry g9 i3 level sff win11p,11 12 15s 512 5300u core eq2212au home light quad ryzen thin windows,1,1,REJECT,"cosine 0.473 < 0.6; no model token overlap ({'entry', 'i3', '3', 'level', 'g9', '32113', '2113', '2100', '280', '12100', '9', 'sff', 'win11p', '80'} vs {'eq2212au', 'thin', 'windows', '11', 'ryzen', 'quad', '5300u', '12', 'core', '15s', 'light', '512', 'home'})"
28,acer Entry Level Desktop Computer with …,core-i3-12100-h610-win-11-pro-16gb,22243.0,acer core i3 12100 h610,acer core i3,"Acer Aspire 3 Intel Core i3 12th Gen 1215U - (8 GB/512 ... 15.6 Inch, Pure Silver, 1.7 Kg 4.3 (860)",53977.0,0.6578,embedding,YES,True,True,True,11 12100 16gb 2100 3 610 core entry h610 i3 level win,12 1215u 12th 15 3 5 512 60 860 aspire core i3 kg pure,1,1,ACCEPT,accept
28,acer Entry Level Desktop Computer with …,core-i3-12100-h610-win-11-pro-16gb,22243.0,acer core i3 12100 h610,acer core i3,"Acer Aspire Lite Intel Core i3 12th Gen 1215U - (16 GB/... 15.6 Inch, Steel Grey, 1.59 Kg 4.1 (1,103)",51990.0,0.6553,embedding,NO,True,True,True,11 12100 16gb 2100 3 610 core entry h610 i3 level win,03 103 1215u 12th 15 16 3 5 59 6 9 aspire core i3 kg lite steel,1,1,ACCEPT,accept
28,acer Entry Level Desktop Computer with …,core-i3-12100-h610-win-11-pro-16gb,22243.0,acer core i3 12100 h610,acer core i3,"Acer Aspire 3 Intel Core i5 13th Gen 1334U - (16 GB/512... 14 Inch, Steel Gray, 1.45 Kg 4.3 (1,735)",49990.0,0.6309,embedding,NO,True,True,True,11 12100 16gb 2100 3 610 core entry h610 i3 level win,12 1334u 13th 14 16 35 4 45 5 512 6 735 aspire core i5 kg steel,1,1,ACCEPT,accept
30,Consistent Mid Level Desktop Computer with …,consistent-mid-level-desktop-computer,25000.0,consistent mid level desktop computer,consistent mid,"Consistent SSD 2.5 SATA 256 GB Desktop, Laptop, All in ... Interface: SATA III, Form Factor: 2.5 Inch 4.2 (309)",3751.0,0.4147,embedding,NO,False,True,True,consistent level mid,09 256 309 56 all consistent factor form iii interface sata,1,1,REJECT,cosine 0.415 < 0.6
33,acer Entry Level Desktop Computer with …,veriton-m200-h610-mt,30200.0,acer veriton m200 h610 mt,acer veriton m200,KACA Edge To Edge Screen Guard for Acer ConceptD 5 CN51... Pack of 1,236.0,0.4014,embedding,NO,False,False,True,200 610 entry h610 level m200 mt veriton,51 cn51 conceptd edge guard kaca screen,1,1,REJECT,"cosine 0.401 < 0.6; no model token overlap ({'entry', '200', 'm200', 'h610', 'level', 'mt', 'veriton', '610'} vs {'kaca', 'conceptd', 'cn51', 'guard', 'screen', '51', 'edge'})"
35,hp Entry Level Desktop Computer with …,hp-280-g9-mt-i3-12100-win11p-16512ssd3,32000.0,hp 280 g9 mt i3 12100,hp 280 g9,HP MSO 2024 Intel Core i3 13th Gen 1315U - (16 GB/512 GB SSD/Windows 11 Home) 15-fd0574TU / 15 - fd066...,50903.0,0.6141,embedding,YES,True,True,True,12100 16512ssd3 2100 280 3 80 9 entry g9 i3 level mt win11p,024 066 11 12 1315u 13th 15 16 2024 3 5 512 6 core fd0574tu fd066 home i3 mso windows,1,1,ACCEPT,accept
35,hp Entry Level Desktop Computer with …,hp-280-g9-mt-i3-12100-win11p-16512ssd3,32000.0,hp 280 g9 mt i3 12100,hp 280 g9,HP 15 (i3 14th Gen) Intel Core 3 100U - (8 GB/512 GB SSD/Windows 11 Home) 15-fd1253TU/ 15-fd1225TU Thi...,57990.0,0.6053,embedding,NO,True,True,True,12100 16512ssd3 2100 280 3 80 9 entry g9 i3 level mt win11p,100u 11 12 14th 15 3 5 512 core fd1225tu fd1253tu home i3 thi windows,1,1,ACCEPT,accept
35,hp Entry Level Desktop Computer with …,hp-280-g9-mt-i3-12100-win11p-16512ssd3,32000.0,hp 280 g9 mt i3 12100,hp 280 g9,HP 15s Metal Intel Core i3 13th Gen 1315U - (8 GB/512 GB SSD/Windows 11 Home) 15-hr0005TU Thin and Lig...,54990.0,0.5798,embedding,NO,False,True,True,12100 16512ssd3 2100 280 3 80 9 entry g9 i3 level mt win11p,11 12 1315u 13th 15 15s 3 5 512 core home hr0005tu i3 lig metal thin windows,1,1,REJECT,cosine 0.580 < 0.6
35,hp Entry Level Desktop Computer with …,hp-280-g9-mt-i3-12100-win11p-16512ssd3,32000.0,hp 280 g9 mt i3 12100,hp 280 g9,HP 15 Intel Core i3 13th Gen 1315U - (16 GB/512 GB SSD/Windows 11 Home) 15-fd0668TU Thin and Light Lap...,60741.0,0.566,embedding,NO,False,True,True,12100 16512ssd3 2100 280 3 80 9 entry g9 i3 level mt win11p,11 12 1315u 13th 15 16 3 5 512 6 core fd0668tu home i3 lap light thin windows,1,1,REJECT,cosine 0.566 < 0.6
35,hp Entry Level Desktop Computer with …,hp-280-g9-mt-i3-12100-win11p-16512ssd3,32000.0,hp 280 g9 mt i3 12100,hp 280 g9,HP M329dw LaserJet Pro MFP Multi-function WiFi Monochrome Laser Printer,31831.0,0.2999,embedding,NO,False,False,True,12100 16512ssd3 2100 280 3 80 9 entry g9 i3 level mt win11p,function laserjet m329dw mfp monochrome multi wifi,1,1,REJECT,"cosine 0.300 < 0.6; no model token overlap ({'entry', '16512ssd3', 'i3', '3', 'level', 'g9', '2100', 'mt', '280', '12100', '9', 'win11p', '80'} vs {'laserjet', 'mfp', 'm329dw', 'multi', 'wifi', 'monochrome', 'function'})"
36,acer Entry Level Desktop Computer with …,m200-h610-mt,33999.0,acer m200 h610 mt,acer m200 h610,"Guardpad Screen Guard for Acer SP714-51-M24B (Clear,1) ... Pack of 1",236.0,0.2299,embedding,NO,False,False,True,200 610 entry h610 level m200 mt,1 51 714 clear guard guardpad m24b screen sp714,1,1,REJECT,"cosine 0.230 < 0.6; no model token overlap ({'entry', '200', 'm200', 'h610', 'level', 'mt', '610'} vs {'714', 'm24b', 'sp714', 'guardpad', 'guard', 'screen', 'clear', '51', '1'})"
